asin,
B0012HEVJG,42.48
B000LKTZNM,26.16
B0012HEVPU,30
B000LKXFMO,24.96
B0057UUHGU,26.28
B00K3EM2AE,20.25
B008IYDZQ6,13.39
B00EFRVL34,11.98
B008IYDYXU,13.37
B011AN48F8,129.95
B01HETFQKS,129
B00N32I2Q6,110
B01LWINX7T,4.64
B00HZYC69W,4.99
B00N956W1O,3.39
B00YOZPW8C,2.99
B00DW7IWQ2,8.49
B00AZ8BPVK,8.1
B01N1Q2ETO,8.94
B01N4FEPKH,11.92
B01N6IACJ2,13.89
B01KZHP44Y,699
B011AO4H30,124.95
B011IH6D5E,"3,499.00"
B011IH6EMQ,349
B01HETFQKI,129
B009ZCR994,15.71
B00ENXM5BW,35.89
B00LXUCEK0,37.98
B0083TTBWS,35.65
B00EQV4Y9C,9.98
B01K3FJP84,429.99
B01K3FJVP6,"1,249.99"
B01K3FJT7Q,499.95
B01K3FLJWO,"2,600.00"
B01K3FKQ5K,"2,400.00"
B001F1UDKA,9.99
B001CD1HUQ,34.14
B001E8ILEY,11
B003YKSQ1S,23.1
B003NV4O00,14.99
B000E148JY,14.4
B000E18CVE,20.88
B01B5Q8TX2,2.7
B01B5Q8WV6,2.97
B000E8ZJHC,40.49
B000E93EQO,40.49
B000E8ZJH2,40.49
B00B7YK45Y,49.99
B00JVOGSHA,40.49
B000E95HP0,40.49
B01JLPJRX0,10.99
B01JLPJRU8,19.17
B00K2RJAR0,22.58
B002DYIZT4,49.99
B00QQA0BHU,27.14
B000QSTBNS,49.99
B000GIQSV6,29.81
B002DYJ0FM,26.9
B01N0IO5Y8,24.99
B01IR62HLI,19.99
B01N45OVBJ,17.04
B00T2U2JNK,11.51
B01N4LIH7H,124.46
B01CJNMMZG,191.47
B01HSYFCRG,289.98
B01M1DUV6V,249.95
B01CJNMNE6,279
B018NZJBT4,38.72
B018NZJFK4,22.55
B018NZJDUG,22.36
B018NZJCO8,36.23
B018NZJC70,19.99
B004X8J1ZK,3.47
B0026IDPKQ,6.47
B01JIRL0LI,23.48
B0026IDPJM,7.19
B01JIRL1H6,23.48
B00OMXW9Q4,10.88
B01N9Q55IO,
B01MAYPKS3,11.49
B01M6YX42F,11.49
B01MEH3FIM,11.49
B01M4L8AJM,9.79
B01MA5XKZO,9.79
B012IWPSAY,12.99
B012IWR5KK,10.2
B01FXC7JWQ,199
B001KZRHJG,21.94
B000C59VBC,48.78
B002M640CO,109.18
B00JY05H5A,13.03
B000EQK1IG,25.29
B016A88FOI,14.85
B007PE7ANY,
B00IZF0LCE,
B00HF7W2JS,
B00V0D0UFG,399.99
B00KISEPZA,9.49
B00MB3LMXS,199.99
B01F5GZ53A,12.45
B019G9QJ78,12.49
B00ZQC73O8, 39 99
B0192TOKXM,
B01CZUB60K,4.75
B0013FYHSW,10.97
B000QFPNII,7.56
B0009RF91E,
B003LNOLA8,
B003LNQQ9W,
B000052YFW,
B0009Y6KIS,50
B000OWLNBY,
B00GHPC41K,6.48
B01GP20C6I, 69 99
B01GKF7SOO, 43 99
B01GKF7T9S,22.25
B01GKF7SR6,39.99
B00QZ67ODE,24.99
B01GNR609S,39.95
B00KZHP1GG,39.95
B00ITKN6QS,7.28 - 36.00
B00SUZSQVW,4.99 - 30.00
B00STTWB74,31.99 - 59.90
B01A94E84A,39.99 - 68.90
B00VBG9U3K,25.06 - 99.00
B0131L4E7Y,425
B0131L4FW8,525
B0131L4JBA,690
B00RDITBSY,"1,013.12"
B01GNR6250,160
B0085RZLR2,
B012QQF3XE,
B0086VIA1Q,
B00URXQOXM,11.09
B01DFA1VI6,11.99
B00NC6PLQC,38.59
B00JXC96DS,
B019Q0MQGK,5.51
B00TXBOWRE,167.2
B014M8ZO8S,121.91
B00TXBOWRY,184.86
B014M8ZNZM,119.99
B01MAZE3YT,217.19
B0036THLPE,21.45
B00F43LEKS,21.45
B01HG8FDL4,320.45
B01HG8FDAU,328
B013YCWASA,304
B013YCW3QO,304
B00OLSBLHS,16.8
B01LNAO4SY,18
B018ITJSXO,30.84
B01LNAOQ64,16.8
B00T0NE0Q8,
B01N2R0G3I,65.33
B01M9DNPYE,61.04
B01N0NXLZ6,88.45
B01MTXQZSG,66.03
B002TXBQLI,
B001G7PMCC,17.11
B001G7PJL6,19.69
B001LFF4DG,6.41
B00A0J0ABK,
B004TGOLI8,6.77
B01B6QGJ24,21
B01B6QGJ6U,50.99
B01BYKUGVM,13.99
B01GAIU8ZC,69.99
B007PA30XM,34.04
B00C2PTZYS,
B009S2XFTO,
B00GZFYANW,
B003OZX4ME,
B003OZV4Y4,
B00IDPVYB8,78.07
B00O49Y6G2,14.99
B00OCGXLTA,16.99
B00AIKX72A,29.99
B00N5F9NMS,29.99
B01HTH3C8S,29.88
B00F0W1RIW,49.79
B00UFNMYUG,126.33
B0093162RM,109.79
B009YIQW56,43.65
B00UAHW4PW,40.17
B009YIQW7E,43.67
B002HWR598,42.27
B00KKHUQ2A,41.38
B01HQJT4YK,24.99 - 122.04
B015SSV34U,9.59 - 30.95
B017T71C62,19.99 - 89.99
B01HNWUDX6,15.99 - 40.00
B01MYUPY4X,23.76 - 114.00
B01BQUSWIY,20.25 - 39.99
B019J0UZOW,29.80 - 59.99
B01HI8OBDI,78.74 - 120.69
B01BQUST8M,29.39 - 39.99
B00YVHWVEG,59.95 - 218.95
B00O66FYRS,119.88
B01CUQ14WO,119.88
B01CUQ10GY,119.88
B00O66FYU0,119.88
B00NP79AI8,2.07
B00BSLENSA,32.99
B006L3ME5E,
B006L1OCCE,
B00YRKV1U2,
B017U02UBY,
B017U04C60,
B00322QKCA,25.65 - 249.75
B0168N3RMU,8
B01N6GKFK8,19.98 - 271.00
B00322QJHG,25.65 - 249.75
B00UH3NLSS,854.99
B00UH3GA0Y,"1,052.33"
B00SQG5J5G,"2,370.90"
B00SC9F5NS,583.99
B00SC9E0X4,"1,333.99"
B00KAI3KW2, 288 99
B0163GS05Q,973.49
B016C8779U,"1,025.00"
B0163GQJOU,821.95
B0163GNS5S,"1,599.00"
B01IENFJ14,439.9
B00NJHS1NO,67.99
B000UGJO3I,11.99
B00006IF93,4.26
B001LDKAX2,17.2
B00006IF96,7.27
B00QSOT79M,
B00UT411P0,5.32
B00UT40BXI,5.32
B00Q541AQI,12.3
B00Q541B2G,
B01KQW21QM,178.08
B01KQW1T4W,178.08
B01KQW21PI,178.08
B01KQW1T3S,178.08
B01M14HSXI,28.36
B01LYITXKL,17.69
B01M1FACB5,28.49
B071HDYMJD,27.49
B003PFUN04,51.99
B00T9I1JA4,53.49
B00T9I1J0E,39.99
B003PFPGDI,51.41
B007KIOBLO,76.1
B01LWLJD83,35.44
B072KT21XN,24.88
B01I3D6DZ6,27.49
B01KWRBFPO,24.99
B01M0I5RII,39.99
B00NQ2GOJU,5.29
B0006ABVF2,6.99
B008LTIP7W,34.48
B00176B85M,19.99
B00E3S800M,27.85
B0006ABVFC,10.99
B01GED7OLO,93.85
B01GED7O5K,146.05
B00ZJBT0SS, 27 77
B01GU2V4SI, 79 33
B01H0TEGEE, 99 99
B01LVWC0D2,65
B00GN3LI3Q,83.98
B01LW1GZVF,35
B000Y190QK,62.5
B000QFWCLY,77.99
B000QFUNWY,20.99
B000QFWCJ6,35.09
B01EHF40AO,34.75
B01FODQ4BQ,61.81
B01M1A8FK7,59.40 - 189.95
B01LA3HSVO,25.99 - 275.55
B01G3LZ5NG,31.41 - 249.95
B01BVKZWLY,59.99 - 69.99
B01C8BR83A,
B001Y8EOHW,
B007G7JP2O,15.15
B009CUTR7G,21.99
B01LZP8ZGJ,3.97
B0061JPJ3M,
B00Q70QPOC,
B01BO2KQTW,189.99
B01M15WH9C,94.99
B01GF5M42A,48.99
B0145OQXCK,74.99
B01A5IIDEQ,225
B00CEMH4GK,199.99
B00CEMH5FK,199.99
B00CEMH2CQ,158
B00CEMGNTE,120.92
B0168KHVZW,547.27
B01LX21ISP,599
B00US9PSKU,69.99
B01EAPUHYY,529.99
B01A6UNGXQ,589.99
B01C92FE70,499.99
B01N53RO3X,185
B00DZG46T2,6.02
B01J24FXKG,9.93
B00VJ2V4GC,
B01LMOTZYY,27.88
B01N4GBEQ6,24.63
B01MU2Z16A,63.15
B00HSC9F2C,10.64 - 59.90
B01B3FWFVM,3.60 - 10.00
B01LAZ3QJU,8.06 - 15.48
B005WDE1W8,35.00 - 38.00
B00XNCJA5S,12.97 - 53.03
B00ACIGI7Y,6.58 - 12.99
B00JEDUAVI,20.00 - 39.99
B00XNCPK7A,17.95 - 50.00
B00IY62BQS,19.74 - 59.99
B01ES419LW,6.17 - 13.21
B01BUBLVHS,14.99 - 49.44
B01ENWYKRE,198
B019JSE7PC,98.82
B01I5O5LCO,297
B00186RU26,23.99
B00IIJ4CQI,18.95
B00186O0TC,20.49
B005HDOU60,18.54
B004MUH3N6,8.7
B01HSYC9W2,69.32
B01MA26LLH,61.98
B000KEVF3M,19.99
B00D1ZT3H2,8.99
B000KEVF1O,15.99
B00DQR4E6A,8.99
B01FURE1QG,
B01N45I2FS,12.95
B01FURE1OS,18.8
B002ZG94UY,
B001PQBELC,
B01L940H1M,"1,953.23"
B00BE6CTC6,"1,775.00"
B004PY66R8,11.99
B00OKEUYLM,2.54
B00822YJ3C,
B01BGQ1HD0,7.99
B01MT01SB1,228.48
B01MQXKUA1,169.99
B01N5GZ5C3,199.99
B01N0SETWY,169.99
B01N6HVHOC,179.99
B01G2AJ9U8,739.99
B00BIFNTMC,19.99
B00BGCSHK6,11.49 - 23.95
B00H4EZ37K,155.84
B01H52FERE,125
B01549NF9O,94
B00D2D10VU,126.47
B00361SY8U,125
B00Y825998,
B00UYY2GUO,
B00UYY2GXG,
B00UYY2GW2,
B00UYY2GSQ,
B00OMXN0Z8,149.99
B01BO4MMU6, 14 99
B00ZM6GX5I, 33 27
B01BO4MJOA, 14 99
B016ASXA2K, 39 99
B019WVLATM, 115 41
B01N4A7OJ3,37.56
B0010B5EQS,7.98
B01NAFI3XK,59.99
B00YOKEKMG,
B000KGW2BY,
B005H3AXKM,36.19
B00R8K9EZW,13.8
B00R8K9IFI,13.8
B00SBC0LTE,230.09
B00R8K9BRS,13.8
B00063464M,7.99
B0017JDLXG,13.49
B004B9HQLW,6.99
B01H5VANTE,84.99
B0115Q9S8C,114.99
B015SWER7Q,91.23
B00FPIVBPU,
B00FPIVCEK,
B00AWJ6LC0,9.95
B004D4DH5E,8.58 - 19.98
B014JE8BWG,13.98 - 23.99
B007FFTML6,8.97 - 29.18
B00FSWVSI8,9.75 - 16.98
B00L2GXGMK,12.91 - 24.98
B00DB4N08G,
B001B2PU7Y,6.15
B00BGA9WK2, 309 00
B01I5VIL5G,9.99
B000SN61UC,8.94
B008JC76VM,26.12
B000FJ9DOK,16.25
B01DZQT0E2,27.99
B01F8C4M30,35
B008JC76XA,24.99
B01DYB9KRK,349.95
B00N6X9VY4,389
B00N6X9URC,299
B00BGKSP9Q,399.99
B000BQYB0S,368.28
B01JOECTYW,
B004VCOOUU,
B004VCOOWS,
B0019LT5MS,
B01EVWMY9W,
B01N0FH91B,21.8
B01N960WKD,20.6
B01N42J7LF,17.72
B01N42J6GN,24.28
B01A5HILB2,388.65
B01MRZ9ATL,349.47
B01N4ORVJ9,342.09
B01A5HIQ7Q,339.96
B01MY03CZP,449.99
B01LX38PK7,10.49
B01M0O5J76,11.86
B01M0CHUGI,4.69
B01LZ1M3K4,4.89
B00OLSARU0,7.94
B00BIZOF5W,21.48
B00OLSARS2,7.99
B0029NV500,21.48
B01GCKO96C,56.88
B00F19Q2R0,49
B00J9RO2S6,49.99
B00BD740M8,14.03
B00C3HSM0S,39.42
B00BD741WM,23.49
B00BZSR0R2,17.89
B013T6P7M2,7.19
B007Y5OSFW,8.26
B00I9N3AZ2,14.96
B0042GLVDI,9.29
B01N2TSRC3,19.56
B01BEXOOBM,32.98
B00OLSB31C,14.88
B00OLSB5H4,16.32
B00OLSB34Y,19.99
B00OLSAZB6,14.88
B00OLSAX9U,17.99
B00XBICZ9W,44.99 - 159.99
B01AYA571M,39.95 - 99.99
B00XZWAH9O,57.99 - 186.15
B01LVXZD13,39.99 - 120.00
B00YDM8BVQ,59.95 - 220.50
B01MYRZNAQ,330.17
B01LCXA7TC,49.73
B01LCXA7ZG,39.99
B01LCXA5IU,29.99
B01LCXA7WE,29.99
B01N7GA5LZ,23.94
B01NBIO9J8,29.99
B01K46XVE6,21.45
B01K1P8QAY,121.34
B01K1P916M,49.43
B01K1P91D0,21.45
B002RCNX8K,99
B0019804U8,109
B007ZT2KFM,386.99
B002MZW5JU,439.99
B019YWQ0W6,6.98
B019YWQWDS,15.99
B019YWOVS6,8.28
B00WLVVF7I,37.99
B0042XYG42,7.11
B01M2CO3EZ,16.42 - 21.99
B01MREJ4XF,24.99 - 46.98
B01I9B74NW,18.45 - 71.24
B01MFFWRAH,13.31 - 30.00
B01B4ZI15U,14.03 - 25.99
B00BHOYB6C,52.39
B00G4JEIPE,105.7
B00E2OMTQ8,140.41
B00GMNEKEG,45.89
B01GS3KLK6,137.53
B006R76WK2,
B00FUBKXJW,
B006R76WQG,
B00H5R55LU,
B00005BWXD,9.6
B01LXTKGNS,
B0119FX2E0,
B01HZPJRBU,185
B01HZPJWIS,199.49
B01HZPJRCY,139
B01HZPJRS8,129.99
B01HZPJLQG,182.51
B01LWX3XKL,320.89
B01LQF2SAW,259.99
B01BKB3KZE,96.2
B01FBIEPBA,127.11
B00Y69JBOM,97.11
B01L14MACE,197.41
B01LBWELHI,129.95
B01LBWEMP4,129.95
B01MXTRWM0,23.4
B01MPY0LG5,25.2
B01MXTRGII,22.54
B01MFCYLO8,47.4
B01MPXPXR6,31.2
B00W4H7SNO,2.79
B01MYUHD2Q,209.99
B01N001CK9,29.79
B00DBAA696,86.95
B01MRS7WVN,40.98
B01N1QTPZB,43
B00JGOO6YW,156.37
B00DYN0438,247
B00DYN0474,22.35
B008RHG45S,24.99
B00DYN044W,329.65
B01H5M4Y6G,12.95
B01N2S5W7H,
B007K5DYDI,
B00TX06OXA,
B00879LUEG,
B0011WYO26,
B00XMNT8AK,31.31
B00XMNSPUO,
B06VWJB2HF,76.99
B00IB19AVU,8.97
B011O2XJ5K,12.74
B00U94D5XG,11.41
B00PRV1TQG,5.07
B01MQ3ZO6B,
B01N3AD5QZ,25.77
B01N9OJ2AP,
B01MRS9AUF,12.76
B01J3AKCD2,49.6
B01J8PBBKA,47.99
B01N5QINCV,20.00 - 32.16
B01GEWRGXQ,14.99
B014JECLJK,13.18 - 20.99
B00KVM94CC,9.39 - 24.98
B00LNG1FT0,9.39 - 24.98
B008LY4T4U,10.52 - 23.98
B0084N1OIW,10.41 - 18.45
B00LM7S3PY,
B01MY5JROH,
B001E4Q5WI,29.99
B01A68C9GI,45.95 - 349.95
B01H68RY2A,49.88 - 274.90
B01HFHXEM6,7.27 - 51.99
B01HFHY6RS,12.99 - 37.95
B01ATTVVBS,9.07 - 100.93
B01MSVKCMB,8.47
B01N4ADIUA,13.05
B01N2QCLOK,15.47
B01MYW7BKI,8.04
B01L8J7CSY,49.99
B01L8J7CXO,39.99
B01L8J7CS4,49.99
B00UY0NL5W,89.99
B001E83UKO,15.99
B01MTCDSD4,499
B01LZY72TU,792.99
B01LZPVPC7,730.64
B01N25OCC0,644.94
B001CB9XI6,24.7
B000YQOVUA,25.66
B013BOXS7S,7.87
B00ZJ06H5S,21.89
B00U2VQW72,
B014P1GKHG,3.28
B00E82VFEG,98.74
B00EVT9174,23.5
B00BP5R7SW,86.19
B00EVT5YNO,25.63
B00ICTESY0,23.5
B01M18DYAH,6.1
B01LX3MHZ0,6.1
B01LZLWUDE,2.98
B01M1K2MC0,2.98
B01ALL3R7U,17.98
B01ALL3WV6,61.56
B0142WCKIG,7.99
B00N9538B6,4.1
B00N953FFA,2
B0000VLXUA,
B0088YUXLG,149
B00478RZE0,385.99
B004752584,231.91
B0088YUYF6,242.01
B00478W3B0,176.33
B01DH0GGKW,162
B01DH0GGK2,149
B01DH0GGLG,149
B01MXMWZR5,149
B00E255LMQ,39.99
B01MA6O8HD,96.00 - 98.00
B01LXIMENJ,79
B01M303ALT,98.00 - 132.30
B01DXQF6VA,24.08 - 119.51
B00QH7659U,26.99 - 64.00
B00JFQ8052,25.95 - 119.82
B01EOX12IM,15.99 - 70.00
B00HJGLNDQ,24.90 - 67.46
B00PZZFL9K,27.31
B01M14ATO0,298
B01DOIQ274,499.99
B00WN2IYYM,149.95
B01D2N4S3G,499.95
B009NNFB0O,
B004AIAXAA,27.47
B016Z9BJY0,21.07
B00135OV92,5.89
B01GFLDRR0,526.47
B01GFLDVDA,899.69
B01GFLDV12,526.47
B01GFLDVEY,774.38
B01GFLDRG6,526.47
B00R24CRXK,55.97
B014EOTBCK,109.6
B016FXH602,79
B00TF4DHGG,50
B01A7IPXLA,50
B01AE56WKM,75
B013Y5GZHY,60
B01CEAYW0C,54
B01CEAYXFG,50
B01IBWDHIA,20.53
B01CEAYWZW,49.99
B01CEAYX38,59.99
B00AO4E9MC,8.55
B00IEY8F9C,10.13
B01JIRKR9Y,
B0199WNMDG,5
B007E0FQ1W,29.99
B01N74PTHF,53.37
B00MMRFUG8,11.98
B014SG616I,59.99
B01L3EX8Y6,"1,599.00"
B01L3EXAC6,"1,521.37"
B00AAS888S,39.79
B003EUPCZG,60.99
B01CLJ2E1A,120.95
B00YZ4E3YG,124
B01DXVKETE,166.94
B00BCN1CF6,
B010VE47VW,10.94
B01J24FMU2,5.89
B01M7SZQFM,59.99
B01N0E58PL,5.89
B01DTYB05C,249.99
B01MTP4OMA,265.94
B01MTP4OWY,259.98
B000I4TLKI,19.96
B0019LYXFC,8.76
B000058DK3,4.79
B01HI7W6U4,35.77
B01KQLUMY6,25.76
B000LKV7LU,28.17
B000LKV7Q0,26.58
B00SRCC7UO,34.9
B01N5JSTJZ,48.66
B00QVPNABY,15.99 - 91.00
B00FQT4LX2,12.56 - 99.49
B00CMR8KOW,
B00ASBOT2Q,11.32
B003Z4QHP0,
B01GM8RT4S,26.98
B01EMZ2WTA,5.99
B00J7KNL4G,129.99
B001AJS1AQ,12.14
B0034KYA36,22.45
B00XUYWTUC,
B00ZGDSFYY, 9 89
B00XUYWUHY, 7 60
B00ZJEIS2Y,
B01N5CFB34, 170 00
B01G2F0LLO, 58 00
B0089E98HA,49.88
B0089E982A,82.2
B00EAQVJB4,49.88
B00DCR0T40,49.88
B00L1QGYWU,3.99
B00L1QF43U,5.97
B00L1QGBK0,3.99
B019JZNJCW,16.95
B00J00J0WK,122.99
B01BMETE6I,97.24
B01BMETJAY,89.99
B004P5POKM,192
B01BMB3SNQ,263.14
B005A4ONW2,133.8
B005A4OQ9W,199.05
B00QRVG050,250
B005A4OOWQ,322.96
B005A4ONQI,209.23
B00R7IPUXA,177.66
B00XIGORDY,3.48
B01BEZ0PSG,
B01BEZ0PRC,
B01BEZ0UPO,
B01C2GYLNQ,
B01BEZ0THI,
B06W562D7Y,115.94
B075ZXXWC5,
B01N7PAEIU,
B017K3YKDW,4.49
B00HR34VG2,9.64
B00K5KVC52,24.87
B00K5KVC7U,17.89
B00N6XBEGC,171.5
B00NPXQSRI,95.58
B002Z8E52Y,116.73
B00NPXQSNM,140.37
B00GZ9K07I,
B01HIZZBB2,
B01HIZZ77K,
B00014TQ5A,
B01A05P7RA,17.97
B01HZMDKHK,29.25
B01MQRIMF7,29.25
B00I69TAKI,7.17
B00IB0CLHQ,2.99
B00NQ33CQW,6.88
B00YPP0TA2,2.93
B01LZ6XKS6,423.98
B00KAFMYGI,41.59
B00L96JI6Q,10.33
B0127BFOF0,6.02
B0013OQGO6,
B008403N2U,
B00G4GHE9O,34.22
B01M0U8UHM,43.25
B01LXQJU7C,
B01LY2CCUL,
B01LXEXY63,
B01LZD418X,
B01LYDZBIB,
B008KJQMA0,
B008KJEYLO,
B01KL0ABUW,42.99
B01KL0A6AM,42.99
B01KL0A8X2,42.99
B01KL0A3KA,35.99
B01BGFNJBO,3.47
B01BGFOBZC,5.47
B01BGFO76A,5.88
B01AUJ230A,
B00MFJMEE4,10.74
B00JOEAL16,
B00PA40FOM,
B01L3PLN9W,
B01L3PLN6U,
B00UJOG8YO,
B01F8FWSGA,199.99
B01F8FWSJC,170.6
B01J7G6W8Q,69
B01LEGT4IC,
B0126XPFHQ,
B00JOEAJ2M,
B00KQ0R16K,13.07
B01MQ5JB5K,39.64
B000HDJXLW,
B000LKVH8S,
B0002YRNJK,11.95
B0002YS9IO,8.99
B01N0LKGRD,59.94
B01MYQ7E19,11.95
B01MXO8YTO,53.94
B01BV4IMK8,21.99
B01BV4IRKS,13.29
B01BV4IS9S,5.82
B00BD79BUY,16.91
B0741HCM71,9.27
B00VJK67CA,20
B010NZV14U,144.48
B010NZV0GE,89.9
B00F655P1S,69.99
B012Y6LZEC,89.99
B00F655P5E,69.99
B00F655PAO,74.99
B00F655P36,79.99
B00MNXL7CM,
B004382GWK,19.5
B01283CFE0,49.27
B01283B81G,49.27
B011OAUZ2C,805.1
B00CXAEDH6,8.69
B00IS185XM,179
B00IZXUCOS,326.3
B00008Z9ZJ,60.15
B000FJ087G,80
B014LFIN58,479.99
B06W2JWRZR,2.99
B000EEZAXO,
B00O33GTVO,4.58
B00I9IKV9U,3.89
B00I7J573Q,
B06X9SR3Z4,11.99
B000WFUL66,39.99
B000WFNH30,29.49
B000WFKQDE,29.49
B00008MOF7,29.49
B003AZ2HDK,107.52
B002RBAVFY,47.99
B002RBGFA4,69.32
B002RB8S3G,37.52
B01HFGEPCU,96.46
B01HE4CAWU,99
B01HE2W9P0,98.98
B01HFG1X2K,101.51
B00NBDMN8U,
B00NBIUGA2,
B01N41U106,
B00ULZF5HC,
B00NXRYOIQ,62
B00O57L1NE,268.5
B00ZIRV39M,229.99
B00R0Y130U,
B00R0Y13K0,
B00R0Y19SG,
B01LZO6CDY,21.66
B01LXPUGSG,24.99
B01LZZY089,20.97
B01LY1MG5E,20.75
B01M0Z31AD,19.99
B007W9CNAW,
B01JMI0LB8,
B01MQRQGL1,6.77
B013JZMG5Y,
B01MZANY1C,24.84 - 187.07
B019HB464S,17.43
B01BSPCWOC,25.70 - 127.19
B00GBVUSUE,13.73 - 35.59
B01BNSKRGO,22.47 - 42.94
B01LYCLS24,269.99
B01NAJ25T4,30.62
B00E2ONMEQ,368.99
B00BHOVEZ8,128
B000GCJNIW,13.83
B01N7LZF5G,
B01MS15TXY,
B01N1W4GTQ,
B01NAMX19N,
B01N5J7BZW,21.47
B00XUYWU9C, 11 99
B00FLUO6UO,20.54 - 74.95
B01H94Y3XE,11.23 - 60.50
B01AIKQ8AW,20.25 - 99.00
B00DQYO698,11.23 - 60.50
B000KK6360,22.99 - 79.95
B00WBJGUA2,163
B01G50XEX8,179
B01G50XEL0,199
B00JA9D914,39.99
B005NZ66KU,39.99
B01IOSEU3W,
B00LM7SBGK,
B00QZ67KL0,24.99
B01BCOJ0QM,49.99
B01BLU4OI6,70
B01BJT4BFU,69.99
B01BI8T8VY,69.99
B01BJ3ZTIO,84.99
B01MU7WPJC,84
B016YGMJ34,42.5
B01N5AV8EI,20.99
B01AZC3III,43.88
B01FXDVSGI,71.24
B0160USMW6,35.99
B01E5JTAAC,54.99
B01M9A7Z5G,29
B000GL1DTA,19.57
B01AD1TU2O,13.99
B01B1V32N8,125.99
B000NTZL7U,19.99
B0006IRTU0,15.99
B000VO3GPG,53.99
1223062503,20.5
B00005O63Q,16.5
B000GKD09C,14.99
B00AU5SBGU,43.2
B00FPR2JTI,119.99
B000309WHE,4.08
B00ESSKGNQ,119.95
B000E7SZ42,50.16
B00DF1VREY,130.54
B004RCLI3A,14.99
B00340H2TU,199.99
B004RCSABI,21.99
B06XGZMKX7,33.44 - 64.99
B06XGJX8DG,26.06 - 49.99
B01L3LP0EK,15.40 - 34.99
B01L3LPP0O,23.48 - 39.99
B01L3LLZUS,32.99 - 49.53
B00LX5CR0M,49.99
B016WK51HS,49.96
B01GZ2IIL4,
B01GZ2IHCY,
B01GZ2IHTM,7.41
B01GZ2IHTW,
B01KH2W558,59.99
B01LWQB6IZ,
B01M01403K,
B01LYOJGRL,
B01LWQB4HC,
B00006IEEU,9
B01ICWEDOQ,15.87
B01CO53V0E,14.62
B00006IEEV,15.75
B01FUYQZ4U,21.74
B01CUOXQDG,5.15
B00Z8G06E6,5.69
B01LXFQP36,4.92
B00HLF8FKE,
B008DF6WWE,55.04
B01ALDH6FC,342.85
B01FJVSX30,99.95
B00104WRCY,189.99
B00SKO7C18,207.83
B00857QAKO,18.20 - 49.99
B00AHTZNKQ,32
B00YXFQQG0,16.70 - 37.88
B01DPWDWG8,
B01648QPC8,
B01LYCTCSW,
B01M104JU9,
B01LYCLHTS,
B01LX1YR28,6.49
B01LX1YN74,
B06XXTVSLL,18.19
B01LRP5W3G,52.99
B01NCA6V2X,
B01N77YJK7,
B01NB9S2TD,
B01MRN4VQA,
B01N43MR2D,
B06VWNWXLZ,3.24
B01N7LBQ4I,21.68
B06WLL9KPZ,1.88
B0085V21S0,31.99
B004M3L3X4,28.39
B01DTIC79Q,154.7
B01GUHKO3Y,68.99
B00GEDXS3I,64.99
B01MQU5LW7,349.95
B00I8QXN8E,2.99
B06XCXGWPC,10.5
B0038NHGBM,9.66
B0161YTGBM,6.95
B01N2JTPEY,47.94
B01KCJE7RU,52.99
B008YEMVSI,
B00C1LXBFC,
B005NJOI5Q,102.21
B005PEH6GC,70.25
B0084D6FJU,452.98
B01M0NEP9Q,29.38
B01DJBH2LQ,14.44
B01M3SV7B9,15.31
B01N0SSZNK,4
B01N7K15KA,8.99
B01M4M3S7G,16.98
B01N48DEZV,10.49
B00WSWGVZQ,29.97
B00S4ULGCY,29.97
B01D7K595A,29.97
B00COXDGQG,29.97
B00GZ9H8PU,
B002N0PXHK,
B00028OMMC,
B01CQ3DUO6,
B01N5JSOJB,"1,560.15"
B01MZ44XHK,881.42
B01N4IQB8V,591.72
B01N2YMMXT,539.71
B01N6L71D8,651.77
B01N0VLI9S,"1,820.35"
B01N5JR2Q4,749
B01CETXTG6,"2,799.00"
B01N1WNZV9,"1,338.17"
B00L0YSIZE,
B00TITV6VQ,43.91
B001JD9DMI,
B001HCHGPC,
B00WJ0QHWO,
B00CKIJF2O,17.99
B00U16LTNK,42
B019Q0N0ME,6.03
B01K3NQQ1U,4.98
B013FPK858,65.29
B01F4ZG68A,289
B01K1IO3QW,349.99
B00WSCEU54,19.48
B00N4UZF7G,11.4
B00E1CI2TO,34.96
B0193RXQ4C,29.99
B0767QWD4G,28.99
B01CKH89QM,18.95
B00FICC01W,23.98
B006H7YDU8,62.81
B005ZZIWVO,15.27
B00685ZHP4,40
B00T6IHQCC,5.62
B01K3IAYAO,
B01N5D7A4D,
B0106YIEJS,19.99
B01N67CW15,20.38
B01IS1HJD8,"1,299.00"
B01MG7JSIE,380.98
B01F1Z78U8,710.2
B00GPGKN4G,699
B000TW0CQ6,80.87
B002VWK1TA,107.64
B000FTADX0,69.98
B000QJ6S06,782.54
B000E5VAXW,48.23
B000E5VAX2,15.98
B00N2S6RPY,196.89
B00C72BXZK,23.99
B01NCJSM2T,
B00IJGC6F4,5.97
B00C72BY9U,27.99
B015GECCE6,7.83 - 39.50
B00CPGMUXW,149
B01EMPSCN0,161.24
B01GEYZBIQ,68.74 - 139.95
B01GEYZYPQ,65.61 - 220.00
B01GEYZMD0,68.74 - 139.95
B01GEZUCDY,69.98 - 159.95
B01GEYZ6QI,68.74 - 139.95
B01N3LBPYA,29.94
B01N8OXTDM,29.93
B01MTKI40F,29.94
B015Z0Y03M,
B015WD6SEG,
B015WD6SGE,
B015WD6SLO,
B015WD6SL4,
B000084EZ4,33.99
B00TZ03KJE,42.96
B00TZ03O5Y,28.49
B00CQIOWZ8,16.5
B01MZCT67R,169.99
B01N7QF0G3,359.99
B01MS5MBL0,138.26
B01N7PNSNQ,124.79
B0051ZCN9A,33.19
B0006M13WG,25.83
B0051ZCPTI,24.99
B000RP29IO,6.47
B003UDXII0,7.35
B01N4AF2RY,12.99
B01NAG34YF,18.49
B019YWTLOU,9.75
B01MTXIGFQ,12.73
B014UZ01S6,23.93
B014UZ01X6,37.7
B014UZ00YQ,43.99
B00BUPW7ZA,35.81
B014UVC2YQ,22.61
B01DAI5BZ2,29.99
B01DAI5CF6,32.29
B006Z63K1O,121.8
B00602J4MM,116.93
B014A0MMUQ,429
B00TQEWSGU,198
B019Z72F6U,190
B009FT54CQ,67.89
B01N30IDMJ,15.59
B01MU7973W,25.99
B01DBXM87A,239.99
B00JBVWDB8,341.47
B00K5UZP2S,665
B01M0KAA40,469
B01824JTWK,169.99
B01LNALEGO,226.9
B01LNALF5O,243.64
B01J6FGGL6,64.95 - 79.99
B01LYTVO3S,55.41
B011BX2C50,28.38 - 84.98
B00W68PITW,79.19 - 99.95
B011NP9I5S,10.76 - 25.00
B01NCV7YR6,19.98
B01NCPIJPO,22.99
B00TLNXD1A,19.99
B01N6K88FQ,15.1
B01MQZEIUN,18.99
B00CCYLBZ0,84.99
B00OJ0G4HU,96
B00TL72J2A,193
B01BSURQ3O,199
B00NNR38JC,
1604189517,5.39
1624420494,1.99
1483816249,6.59
1623999995,8.49
1624425887,8.99
B00LEHDLKO,
B06XHVX2R4,110.99
B005JQTUWE,15.25
B003U6Y1OC,32.95
B01C80O0ZU,149
B0163GBZK8,16.95
B00YQ6CKSY,10.48 - 79.00
B01FGYGGXO,32.32 - 54.99
B016APPVUW,10.48 - 79.00
B01G565BXS,10.44 - 75.00
B00YQ6EQX6,10.48 - 79.00
B006MV7WIO,34.95
B003PWNH4Q,26.95
B003PWNGK6,24.95
B003PWNGQU,25.95
B003PWK2A8,34.95
B01MDRZB7V,
B004NNEYUC,
B0140HVODA,37
B01JTKD45E,15.63 - 43.90
B017TAU3XM,
B00NS1QH4G,19.99
B01CHLYCDU,9.49
B00N240SQ2,24.14
B00O12TMTI,38.99
B00O12MBGO,19.99
B0093162QS,108.99
B00MJBSO42,9.99
B00PU1FX2E,
B00KP2D0DC,
B00IPOQU2A,
B00M7UYIUE,9.99
B005JRGH0G,
B001ET7FGS,
B01ABM71JY,
B0019CTF36,28.44
B005JRGHU6,
B01NBFQR9S,26
B01MYVFEI1,54
B01N2PL2IF,21.76
B01NBFQIVF,48.56
B01N9D5TAL,54
B01M32FMUL, 29 83
B01LY3WOHF, 49 99
B01LYCUM3L, 534 31
B01BHMS88A, 99 99
B01J55A5VO,13.56 - 77.07
B01J55A7L2,13.00 - 74.21
B01N55KHPD,13.56 - 77.07
B01J55ATR4,13.00 - 74.21
B01J55BAS6,13.00 - 74.21
B00DY60M46,53.63
B00411W2O6,
B0111KBYD4,2.09
B00QT29ZBS,
B00OMXW9MS,
B01IR9H85K,
B0197XRSYQ,
B01BKLI6QW,171.41
B004QJZ4JI,74
B00ATUKO2U,89.99
B00L7RU8C0,249.99
B01MG4VR5H,148.95
B01N259NR0,214.78
B00ILLV3QU,149.99
B000AS1LHI,
B000ARPKBW,26.56
B000ARPKBM,39.88
B001LRPW7C,
B005CD42DG,16.89
B01D2NTIV8,
B013X956R6,29
B015724RQI,43.89
B01ASBKU6O,169.99
B01ASBKU3W,169.99
B06XXRJF7X, 59 99
B06XX4D2KY, 28 28
B06XXTDR5V, 79 99
B06XPLD1C6, 31 99
B06XPPQD2V, 39 99
B01G715NHU,528.71
B01C36DFVE,11.47
B000UXDDU6,21.07
B00EUVB748,10.49
B01LZHBL8O,39.95
B00Y1HJYU0,13.95
B004L173WC,289.9
B01K7APLMY,160.3
B00DWKEHU4,229.99
B00GK23V08,325
B00B2OK1K2,16.02
B01JUA772E,21.43
B017CW4IHO,21.17
B017CW4I24,22
B01N1JVXSM,15.55
B01FURE1RA,22.6
B00U6SAZN8,3.93
B00F9X34XS,129.97
B01B4I0Y8E,34.97
B003UKM90Q,17.97
B01ENS629W,5.99
B01CYDXMYQ,16.77
B002YK4Y5Q,25.57 - 230.50
B01HQALL2W,9.66 - 253.26
B01M65WAJC,11.15 - 225.26
B01B8D57OQ,11.15 - 225.26
B0128EPFYQ,18.00 - 100.00
B01N1NZLNC,30
B000GZSBZ0,29.88
B00V1OAGRQ,3.09
B00MF3S3X6,27.76
B00V1OAX4M,1.98
B01MUCYJ15,123.09
B01MF9VQOP,59.99
B01N9U0IBS,27.73
B01N30JZA7,62.99
B01M7SFRKP,109.09
B01MUCYJVY,117.08
B01MTBC1ZW,62
B01MYAIXD6,55.99
B0018OXNII,21.39 - 69.50
B007MMA7NO,33.31 - 79.50
B00GAZY7Q2,27.99 - 69.50
B0018OP87W,35.54 - 60.94
B01GW8Y9SM, 19 99
B01GW3P8DW, 39 99
B01GW90XFY, 19 99
B01GW917NQ, 19 99
B01LWP5887,399
B01LZYDO18,399
B0085O9BF8,9.62
B0043OYZBE,23.61
B007XXLYX4,11.94
B002OIBZ6E,11.88
B01GECQQNM,3.65
B01HEFT7C0,13.8
B007TFO6A4,9.99
B01J7DLA54,11.88
B01NAZ9P4E,29.99
B01MZFX87M,29.99
B01N3A1C5X,29.99
B01NAYSIXD,29.99
B019QBOR0C,3.99
B019QBOG3U,16.17
B019QBOG4Y,20.98
B019QBOQ76,4.58
B019QBO6N0,3.55
B00TQS8P6I,58.02
B000CQ01GU,11.88
B000CQ01JW,27.84
B000Y28HOA,40.68
B01N288ZXE,13.32
B00EDR6YB0,19.05
B06WGLM2RQ,26.88
B06X8WP94V,35.76
B06WRNBVNT,17.92
B01MYB5WAH,27.82 - 48.00
B01MZCPYK2,28.15 - 48.00
B06WGPD56G,33.99
B01MTBYSRS,28.15 - 48.00
B01MSACQ5B,28.15 - 48.00
B01NBI4DHP,99.97
B01NBI3UJ4,101.85
B01LYQ7H7B,129
B01F7SUHIO,11.45
B01F7SUFNG,5.09
B01LY6S82F,8.95
B01M09FBH2,21.99
B00MPXP8AW,12.95
B01M8GAFC8,15.95
B01MY6JPT8,12.95
B01FWAZEIU,57.49
B00KH07WRC,52.79
B01MSCO6BO,25.11
B01N25BZXJ,28.94
B01N38ME4T,25.44
B01N7WXOI2,48.97
B00U46H2KG,49.98
B01NBZ4IXK,23.72
B01NAXWYX5,27.44
B01NBZFIQB,25.49
B06XDTG5PN,46.27
B00O93GHO2,7.76
B01N7W1UOY,15.25
B004KMAN9M,29.52
B01BGJ5LS4,2.99
B01AFRSPZY,38.98
B00BZ1WQFK,34.85
B01M5JILW7,9.56
B00EZWUDLA,55.76
B00PV14MMA,84.95 - 114.95
B00PV0IXXA,84.95 - 114.95
B00KOAS4CM,84.95 - 114.95
B00KOHSDUI,84.95 - 114.95
B003MB9TAQ,7.87
B0012F9EK4,14.78
B0012F2820,9.82
B007QVGUBY,10.99
B0060KTFUK,8.8
B01M35RC7N,12.27
B010Q1AXPE,234.71
B003KK807M,212.52
B005HR1JMO,169.99
B002WKJ5ES,875
B00SKLE3OK,427.97
B003L9QQ9Q,399
B014POPMTK,"1,007.50"
B06XJB3XFJ,79.99
B01GIJAS5S,144.88 - 229.50
B01GIP44KW,44.00 - 309.01
B01GIJQK78,99.90 - 204.00
B01GILHY58,28.04 - 239.95
B01GIQNORA,99.99 - 249.95
B074NKCQ13,13.99
B074NTLQRS,12.99
B074NVQQ6W,13.99
B06XJ82J1W,11.99
B074NXNKRJ,12.99
B01L6UA8C2,200.33
B01C2EHF8G,159.89
B01L6UA8LS,201.74
B01C2EH98C,200.31
B01FKG8BAO,5.99
B00K7OVK1M,5.78
B0126RXEZ2,8.24
B004BD13XU,5.79
B0126RXD6C,6.25
B010SJRQCW,9.04
B00QTUE3AS,8.48
B00MTSDE3G,7.98
B00U2T6SQ4,14.23
B01M28U1LG,19.95
B01KJEOCDW,11.99
B01KKTNBNI,15.99
B01MSJHU65,4.93
B01N80CW38,11.5
B01E7UKT54,11.5
B01N2AIOI1,11.5
B01MYGCM9R,11.5
B00HJKOYRY,69.99
B01LFFH86M,
B06X91P2K5,13.9
B06XMQ9D15,22.02
B06WLL843D,17.37
B06X195B1T,21.49
B06X9K5BLS,25.88
B01KIDVJAI,20.95 - 24.95
B01KIDVJ30,20.95 - 24.95
B00RMZ817U,49.99
B008EXDOT4,49.99
B00BC468PO,31.99
B00LAQWEWU,47.99
B00CNTK2L8,49.99
B0009R5B4E,
B006LYKZSG,
B003HU2WVU,
B000OO0EIA,
B00CXUR0UI,
B01LYYTV96,
B01M9F9ROS,
B01MG4PZK0,
B01BRFPFBU,
B012FQDFVW,139.99
B012FR2Z30,139.99
B012MVN6J6,179.99
B012FMPKOG,139.99
B012FO92AW,139.99
B00R69KX64,2.98
B01LF72UFO,2.98
B011BJD2AS,2.98
B000WHZMJK,2.68
B00NQ2W23C,2.42
B01MXQS01X,5.99
B00SZ7QHGG,7.66
B0194HSMEU,7
B01NAXAVAK,29.24
B01AGY3AGU,489
B0014A2PY4,130
B000FMPDG4,129
B0014A4K1A,119
B01N4KREBB,299
B00QVQSM3O,19.99
B00MEZ77JG,15.2
B00QVQSEZK,59.99
B00MEZ2AXO,49.99
B01HDL4UCC,8.79
B01MXBZ3NV,
B01MTIO0JG,
B01MXC2I1M,19.99
B01MSHGS7D,
B00KO44H7Y,104.99
B01CSMHJTM,59.9
B003G4BBAU,57.99
B00UI4JKJU,49
B00UI691X8,49
B01C5RTMLI,119
B0044V2ODW,65.99
B01M6V7TAL,11.95 - 80.59
B00JQSZYKS,27.95 - 104.20
B01MS4EJVS,19.29 - 32.00
B000FE98B8,14.95 - 77.07
B015O41X0C,15.15 - 82.79
B0185QYFDS,
B00ZHCY8UO,12.48
B00I669O5C,4.99
B007D6DVPA,
B005P0IKYI,
B000BZYBHM,17.97
B000XE1TUI,94
B00H1XJ8GG,112
B00Q7755I2,56
B01IT3WK5W,15.12
B01C45GOEO,25.93
B01MA38ZMS,"1,128.99"
B01K6PAWZ6,22.98
B01K6PAWUG,22.98
B06XD3W3WK,17.99
B01K6PAQM0,21.4
B017NHCM3A,18.28 - 122.07
B013E7K03W,29.70 - 84.21
B01CUVK4EI,6.11 - 55.64
B015UDG87K,24.00 - 99.93
B01N6T2Z17,5.23 - 55.64
B01N6RNR4F,149.97
B01HP8432U,149.99
B01MR6PMGS,149.97
B06XSHPQ39,69.9
B06XS1J91V,39.98
B06WW8XQFW,83.99
B06WWBMPHP,79.99
B06XRZH37L,76.1
B06Y51RMMS,30.69 - 64.00
B00I1AKTKC,18.99 - 29.99
B00KV9IJVM,16.61 - 47.65
B00KLUQVLG,21.77
B00IT70RFO,4.18
B01M7V34FE,33.35
B01NCN7EWZ,224.31
B00TH3SQOI,109
B012DEF7LW,439.99
B00VVRJZLG,449.99
B0170GLSU2,462.39
B00VVRK1KU,599.99
B00P25M326,25.48
B01M0XJYVO,99.99
B00STL38RE,64.99
B002V7A7MQ,59.99
B0000632EN,4.78
B01IADX2V2,139.95
B00GNXKP08,15.54
B00NR1YQHM,16.17
B01HOI5JO2,12.69
B01HOI5JLK,11.24
B01JLQFIZA,17.98
B0091DS0W2,
B01M10LBSQ,
B01HNW6592,15.11
B01HTR2SM4, 16 40
B01HTRB1YA, 12 00
B06X9DFQVG, 19 19
B01MTLCLZQ,9.49
B01NBKXAXA,7.27
B01MRI9H1G,
B01B73G750,12.99 - 44.88
B015XLDGBU,19.20 - 44.95
B01M25S089,13.98 - 26.99
B00TIYE60O,16.27 - 40.00
B01M6YSVE0,14.99 - 22.80
B01HNTBGP8,
B019TUCOF0,19.28
B01MUAGZ49, 299 00
B01N4NOLPY, 48 87
B00IAXIGPK,8.98
B00U3SKGQC,17.83
B00U3SKDK6,25.25
B00U3SKGAI,26.99
B00U3SKGKI,44.98
B01CULX9WW,198.97
B011KULTU8,177.44
B00ELAM8LE,94.91
B0075JQS6O,18.99
B001F0R04I,
B0157EQ1HE,
B01N0A4SHS,
B06X9MP3HJ,
B00VN04SY0,
B009PANMR4,35.99
B005CVGJFM,98
B00C9X592K,33.74
B01KMUUQQ0,23.99
B01KMUUQMO,79.95
B01KOL5I1A,21.99
B01MSZUYVE,76.83 - 216.13
B01N7IS70P,76.83 - 216.13
B01MXYUQHU,76.83 - 216.13
B01N5G14RS,76.83 - 216.13
B01N4EMCWJ,76.83 - 216.13
B01MU358BM,
B01IRFB0G2,
B01EUEIL3E,
B01NBIF6WS,
B00PC5CI8K,3.5
B00JVHSEAQ,18.5
B00JVHSGRC,11.04
B00XV81E2Q,9.39
B01C47NRCY,11.79
B01N4EHGSR,54.99
B01N34UZWL,54.99
B01NBVOBX4,79.99
B01N11V71Z,79.99
B01N34UZFM,79.99
B01MZAPX0F,79.99
B01H5VJHZ0,39.99
B01H5VJJAS,39.99
B01H5VJKHA,39.15
B01H5VJJXK,36.11
B06XGBKJ3J,12.99
B01MQVFQIN,
B01L83X3X8,
B01L83WZ1O,
B01DWISLWA,
B003FRK88O,
B01N7K4BNX,183.99
B0030MIHAU,34.67
B00004SD7D,22.86
B000BQPW6A,11.97
B00002N66H,11.97
B000HKZ85A,
B0013OVSUS,
B06WW5C5ZN,80.14
B06VXMH2HX,58.41
B01MZF6H6C,49.01
B00CAM6YWO,50.31
B01C3LKM9M,
B002XDRCW6,
B00VQI9ITE,
B00XQ05D2G,
B0169360MS,31.99 - 37.99
B0169366FE,14.99 - 36.00
B00NFHHH24,27.03 - 39.95
B001BCBE92,5.78 - 30.98
B0155HPHAA,10.49 - 52.16
B009SOC9PI,189.99
B002VWK0UK,24.99
B01N5G4CSX,36.18
B01N2UMJTT,
B01K6TA748,82.99
B01BGEVWBO,15.29
B00HWPHX6K,4.47
B0046HDZR8,27.99
B01615QQQO,
B00OE14AWA,9.45
B01N4Q5ATZ,135.36
B01H52IX68,64.97
B01HFD0XJM,499.99
B014K4Q0CI,599.99
B01549MVBC,92.09
B01M01I5QX,199
B01FK15HYW,185
B01549NQYI,125
B00X6JS4NM,305.99
B016IO9O8K,88.39
B01HD1ZRGA,67.99
B01N4DTY8U,176.59
B01NBKGJ3C,187.42
B01GS4FGKK,31.64
B01MSYY6O3,82.7
B0044ZZETO,83.62
B002C2KZR2,34.99 - 113.69
B014YZFP5Q,7.99 - 27.99
B01G1Y07TM,19.22 - 84.00
B0168IXNZQ,139.99
B01C3LKMAG,
B00VE6NVIM,23.97
B002XDRCY4,51.68
B005P0RPGC,
B01M01LK33,
B01N7AQV3D,7.79
B01LZE0MPK,
B01K9S24SI,148.95
B06X1DB8FJ,136.8
B01K9S24JM,146.49
B06W9MN1BF,145.95
B06X3Y5HZ8,140.95
B01BOGG58Y,
B00WG76LMG,36.39
B06XC7SYW4,500
B06XCFMYXS,474
B00JOLMTMI,19.99
B003NSPOF2,11.38
B0012BNVE8,
B0145OQTPG,74.99
B00PMEG8YQ,178.99
B06XCH3FDX,149.95
B01B25PX30,29.95
B000GG237G,5.58
B06WD1H96X,15.99
B0013DCHJ0,
B01M4JRSQW,211.62
B01M64OQS8,399.99
B0196BEAB8,3.68
B01BBWEEUC,
B01MU2APYN,
B01LXOGZJ0,399
B00SMLJQ72,259
B00SMLJPKA,289.99
B00SMLJQ7W,339
B01MSZ036Q,298.49
B06XG7WKKL,399.99
B00F9EM2WG,16.99
B0029O0XGQ,31.4
B00F9EM33E,29.95
B01LNB6SKU,14.98
B00ET0M32A,10.99
B00AAUVSB0,31.4
B01LW86JYG,29.5
B01MDIXZBV,15.97
B008COEV4M,7.99
B012I2T5K8,21.48
B00F87G6W6,21.48
B01N9OHADM,7.92
B01ANSJUTK,32.45
B01ARWCW1A,39
B00SMLJYC4,448.99
B00S4TS9SO,299.99
B01N4BI77I,374.99
B01NAGRRRU,299.99
B01BMBQ1MQ,25.49
B01BMBQB1W,19.09
B01AWFSUN6,9.69
B00TN35PYG,30.58
B01BEXOKNE,27.99
B00OLSBD0I,8.99
B01BSXEL9S,7.62
B007E9VDF6,9.29
B01BEXOKL6,25.2
B00BD73Y6G,10.96
B00BD76IN2,23.72
B00BD741YA,17.29
B00BD747SA,4.35
B01M8GNY0C,34.8
B01FHX4LEU,19
B0029NH0FE,16.8
B00OLSBJAC,16.8
B01N5F5YE7,27.99
B00DM5KEN8,8.99
B01N16CDMN,27.55
B01MRBF6RT,28.49
B00T7R7HQC,15.99
B01MU0F8SR,33.99
B000KETAGG,19.99
B00VBW7RQQ,19.99
B01M4HF20A,62.78
B01K7FKN3Q,29.99
B01JO4LEBQ,
B01JO4LELG,
B00J46M8SS,63.82 - 129.99
B00UYCXTMU,44.99 - 59.99
B009H1OS88,63.82 - 129.99
B01DFMG2SS,53.42 - 99.00
B00NCV5O9G,44.99 - 59.99
B0015QV8S6,81.37
B000E8ZJGS,
B0015QXA8C,
B006N3I8PC,
B00K0UGZWC,41.74
B01LZ4IOX3,29.99
B00BCYDW7G,
B0144NY79S,69.99
B00H58LD6A,99.99
B00EZKNY8G,42
B00FZ0FVSG,42
B00WXOQY9C,99.99
B06XGXFPXG,"3,297.99"
B01MUG1ZAG,"2,297.99"
B01NC0727L,"2,297.99"
B01NAYM755,"3,297.99"
B012RGU4EQ,11.97
B01MS4NEQJ,6.29
B00HZA6N36,44
B00ARYRY1W,42.27
B00OHRYOZO,17
B004JO5KYO,
B002QM9AH4,
B00BD0UW6S,6.37
B005N0RGQI,
B00H2FG8RK,
B01LZAG1QE,4.29
B01N0GY560,3.39
B01M4QUGWH,2.54
B01MFC0T0A,3.39
B01BGS9JVA,416.99
B003DH5RJG,
B00FBPEX1G,
B003BEDU2M,
B00N1Z4P2A,
B01FV18FI6,
B01DDTYUBY,19.99
B01CE7ICPQ,19.99
B0182WVY5W,13.77
B004G5PJNS,56.17
B00C43H810,
B01EOQ9JKW,5.85
B00DH6FTGE,32
B00VWH5HN0,14.56
B01MR6N3PL,8.47
B01N9ZQ1EG,12.77
B06W2HN345,
B06X6J81QP,
B06VWD4GV5,
B06X3SY95G,
B06X3SZJ83,
B01H1SOC48,118.06
B019F7QE8A,117.99
B01H1SOC02,138.34
B01EWZL1W4,308.99
B017DE47TK,144.2
B003DH5RJQ,
B0015R6CMC,
B00494ZOX6,
B01MZWHMCC,
B01MY0RNA7,"1,189.98"
B06XF2LGTM,"1,149.99"
B06XGBV97Q,"1,270.38"
B01MU36G1A,919.66
B0179WN6N4,17.21 - 24.99
B00NEPPB3E,6.10 - 23.00
B015GIIXF4,12.46 - 19.00
B004VS6UOW,6.99 - 20.95
B001L0EP4K,17.97
B002T1FKMG,
B002DYJ106,
B002DYJ1EC,
B002ZBR6FO,
B018EY0M1U,
B01CI3TD2C,14.88
B01NCO47WF,45.23
B00QVX00M8,101.65
B00NOPAXFA,69
B01MCSR6IU,120
B00DND8XW8,80
B007BJ65ZC,139.17
B0088JP4Y2,52.95
B000LRJ7EM,10.5
B0002C7FI6,69.95
B00K2DG8UG,129.95
B017DCF2VE,
B00NCX2384,4.10 - 59.99
B0155E5WIA,9.88 - 50.00
B00FPW3J2E,9.96 - 29.99
B017E0WKP6,9.88 - 50.00
B000O7FZ4K,6.99 - 20.95
B000NBIMVK,4.10 - 59.99
B000NBIVMK,7.52 - 27.12
B01ALBZQ8S,
B01MYTGGY0,3.47
B0157934KG,9.99 - 26.00
B00YAEOPX0,249.64
B004QL71PG,121
B00ZFU0ATG,135.31
B004QL6XUU,103.97
B0163GLJWM,162.99 - 361.18
B007UY4NWK,99.95
B01A9JHB8A,142.99 - 149.95
B06VTHD5M6,
B06WGN2ZLN,44.94
B01IFCUU0Y,99.77
B01IHKCP1G,302.57
B01IHK4FQE,160
B0055BOW8K,231.87
B01M7TXCK3,12.45
B01MPWV81B,
B01MRR70S8,3.49
B01BKM33LY,
B01M68B96Y,5.24
B01N47OBEW,3.49
B01N9OK8RD,
B00I8QXP4Q,3.68
B01BKM32T2,
B019IK36RG,6.96
B01MQPU2PE,
B00M1Y3R2G,69.48
B00M1Y2B5K,13.24
B0058I0P22,5.38
B01FC7BMI4,27.6
B00M1Y2DS0,28.13
B008Q5R6LC,165.6
B00ELGB58U,139.01
B00DZJE31A,159.95
B0148O64JE,187.53
B00DZJE4B4,149.98
B01A0UFYMS,12.99
B00VIXRB6O,129.95
B0029JU5SM,
B0148O65IE,161.38
B000OGLHDO,25.94
B001TRF3VO,25.94
B000OGNL2Y,19.95
B00Z9IAUHQ,19.95
B000BHT5P8,19.95
B01IF1HYQS,999
B01MQ00X9G,899
B01JIRL7YS,499
B01IF1GV4E,699
B01JIRG7BQ,"1,299.99"
B0115JION4,26.99
B00JIG8WMU,27.99
B00LNBYL00,26.95
B00658C68K,29.99
B00LU0AR16,25.99
B01FS8LQ56,
B01JUA773S,29.99
B01HM1HMK0,16.8
B01HM1HMFK,11.99
B01HIAWWD2,9.99
B01HM1HLGA,12.11
B01HIAX0MO,47.99
B01NAEDVM8, 19 99
B01MZBOQGM, 59 99
B01N7DGR0D, 17 49
B06XS46JZH, 34 99
B01AX444EK,176.95
B01NAK0DSD,518
B06WRNLZMR,9.99
B007L0DP0E,10.20 - 71.99
B012BNAZYE,26.04
B01MRZZV3O,24.99
B01N5I0X90,15.99
B01NBN79PG,25.99
B01N1UXYCC,14.99
B009H6NOEC,399
B00NH9YDRC,279.99
B01LYNHY9D,179.99
B00H46RKP6,
B01EV3C6RQ,2.78
B004DKT33I,7.19
B00H46RJYI,
B06WWRQKHD,3.06
B06X9QBWDL,2.98
B00IO2MWO8,19.68
B06X9VKQCN,2.5
B01NBM6JUV,113.99
B00CF5P51C,99.99
B06XGD6CS4,490.49
B01DOJDSGQ,129.92
B06XFZQZ3Q,649.99
B01MF8Y2O4,47.25
B005W1QYDO,39.94
B000H98TC0,22.4
B0149MFSN8,
B00BKUULEO,
B0195MZHBK,82.64
B00S0B3QV6,14.96
B01GFM6WPI,
B016OYFU7S,15.78 - 95.99
B00PHXJV50,31.35 - 111.00
B01FXPA89E,51.99 - 79.99
B01AMNCSV8,19.82 - 59.47
B01FX1IFFC,13.34 - 74.99
B07663TJW5,
B01D2ZM8J0,
B016PNOQH8,17.52
B019IK2HUS,13.99
B01648QGU4,7.1
B0055S4CRY,
B01N20PROC,125.99
B00LW3QZDA,35.75
B0013HRAOI,46.8
B00HYUT71W,37.05
B06WGR8ZG6,136
B00U3CXBNS,40.26
B007Y6LLHY,331.17
B00UGAD21I,54.3
B000XVRWSO,175.13
B001EHVE76,11.64
B001D0JRWS,29.52
B000XVPVXM,99.64
B000XVVB2W,281.6
B06XT8TZZZ,699
B01MDQACJZ,696.99
B06XC8NHKF,469
B06XWJX49D,469
B01NB1LDVW,438.88
B002635ODW,429.99
B00OMSX1W0,10.98
B01M01N48V,249.95
B01LZP1QSI,149.99
B00J5HLMGA,14.63
B00J5HCKSE,29.02
B01J0IOFM6,14
B00LMD7WUU,
B0033V6UZW,
B000GIQSVG,
B000QSTBQU,
B01GTNVRF8,
B01IRB0648,26.49
B01MYFCBKS,33.55
B009NOV1A2,3.51
B00D0TEWTS,6
B01NC0VC73,23.97
B01N1GYBGK,25
B01N1IDDGW,77.16
B01N06PNT7,31.87
B01N6INCA9,20.99
B01N01O0EK,29.8
B06XS51HDC,18.99
B009GOC3F6,6.55
B003U8EURI,7.49
B003USE6BI,
B00S57JFX8,27.82
B004E4IALE,33.79
B00J0RZQJ4,63.13
B00F3S5QJE,195.04
B00S57JMYA,39.71 - 134.99
B000UDVOPW,11.15 - 224.93
B005PQQ1KC,11.15 - 224.93
B006TAI98U,11.15 - 225.02
B002JCSSHY,11.15 - 224.93
B071185H4H,34.99
B00WB2PQIG,16.99
B00WB2PPVY,16.99
B015RWOLRS,34.99
B015RWOLSW,34.99
B00AEN4QZ8,9.09
B01IWCXJRS,19.97 - 92.76
B01IWB1EJE,32.99 - 75.99
B01JTR5ZJA,30.00 - 75.00
B01JTR63TQ,30.00 - 75.00
B01IWCWK6E,19.97 - 92.76
B01N0DVLRD,410.99
B001PBYQHG,260.48
B01N941HSP,439.99
B06X1B49S5,399.99
B01MYMSNY4,234.99
B01N6KK2C7,449.95
B01NAMVLMB,429.95
B01N4HPJV3,449.95
B00LFVV8CM,549.95
B01N9LC435,449.95
B01N7I9WGP,119.98
B01MT0QEK3,119.98
B06VY1DFQN,89.99
B06XD9PMYV,114.99
B06W5H4NX6,114.99
B01GSGDV1Y,43.08
B00WOQROES,23
B000YT5NFO,39.77
B01M5BXTJ5,39.95
B01GEVRHA4,19.95
B06XPY8JWS,3.09
B06XPWFVMG,2.79
B06XPWVFSS,2.79
B01DWH7AIM,148
B01DWH77GC,148.99
B00UKVNSLC,38.24
B01C46K06Q,
B01C46K0QQ,
B00UTJKQUG,3.84
B01MQD8GCD,
B00JUJ148O,
B001EJOQ8I,21.24
B00P473Q4G,154.99 - 266.45
B01LVV4NSF,433.11 - 448.36
B01DY4CI62,280.24 - 292.26
B0030RSARU,24.97
B01GUMEJ4Y,126.76
B01NCKZJXW,9.99
B0108OSK9A,12.59
B01NCL3FSR,9.99
B01F60AY1S,9.99
B01H1CJY4M,14.25 - 45.00
B01H1E3K4A,17.71 - 45.00
B0101IYARO,12.98 - 56.99
B01H1H6GAM,20.23 - 54.99
B01H1BILII,9.99 - 50.99
B06XFY3LKG,39.99
B06XFHPP7W,39.99
B06XG2CMSM,25.99
B06Y6223WQ,46.99
B06XFYBGYJ,20.49
B001F1DV1I,14.02
B0101SX48U,899
B01BUYJX6G,"1,499.00"
B06VT2NQD8,849
B01CQJHJ2E,549
B00VMB5RDQ, 44 99
B01KGX3Z9S, 44 97
B00VMB5VFK, 37 88
B00VMB5V96, 41 95
B00VMB5VCI, 39 50
B00BCGAOUW,59.97
B01KCJA9ZE,23.29
B012O55RE2,4.94
B01IADVHI2,27.99
B01IADVJ26,67.98
B0091DS0U4,
B0091DS0UY,
B009412YIM,
B01N27ZVJW,48.59
B00JT3J4XI,30.7
B004U7F3QA,30
B01BT16RO6,16.19
B01NCJCZ2W,59.95
B06XDCKVJQ,196.47
B071RS1HHH,899
B06W2GT5FT,"1,099.00"
B00HLDFRBQ,249
B00N2ZDXW2,137.89
B00TZAO9G2,177
B00TZAO9DK,199
B00TZAO9D0,131.99
B078VQJ222,87
B078VQG2YK,21.98 - 43.99
B078VRKMT2,21.98 - 43.99
B078VRN41Z,21.98 - 43.99
B01LTIAYM0,21.98 - 43.99
B01MATLJ4J,294.97 - 449.99
B01M597OVF,"2,145.16 - 2,175.21"
B01L9W7S7U,189.72 - 309.99
B01M980RYG,561.19 - 578.90
B071JDWV7P,316.26
B06XRT2B3P,324.99
B005VYP0TQ,125.54
B006YEBSK2,93.87
B019892MPY,143.83
B000VTW7RO,170.31
B019893A1E,188.87
B06ZZZFYDP,139.94
B06ZXZ3RTR,129.99
B071D76CCL,149.93
B06ZZ555VN,139.94
B01NBOBXTS,33.99
B017RMG3OA,49.89
B019QBL0O8,63.98
B01N7WMBAI,109.99
B01N6VCVSJ,76
B00596EO4S,65.03
B01MR7RU4G,108
B06XSC2292,95
B01D4LHZ90,19.99
B01D4LIL0C,19.99
B00R0UJYQO,27.9
B00LBPO8PQ,16.25
B001KYCUTE,2.62
B00L4L4UH8,169
B01LYSVA11,134.95 - 149.95
B01DDO9IIO,43.96 - 641.86
B014K1Q2QA,16.96 - 54.95
B00UB72Q36,66.20 - 124.95
B001AS1UJG,102.24 - 161.97
B006D0TL4C,135
B01MTYFRJK,345
B01MSWVXLF,335
B06XVXRYTM,229.98
B01NA08FT0,319
B009BEO9DU,74.52
B01DYEGY6W,139.99
B01BNIWBPE,129.99
B01C3W3P3Q,69.99
B01H8MD2ZM,14.99
B01GSMLWZK,41.51 - 127.17
B01GSMKXQ4,49.99 - 224.00
B0182T5ZFU,41.51 - 127.17
B01FLFKIDC,15.52 - 34.99
B00NIDMOXC,23.24
B006TBIT5W,10.59
B00974SRHI,38.99
B0046ICVDG,38.99
B00HLXPTSW,17.24
B00NAZ5CAK,5.99
B00I9KQYEY,5.48
B00NAZ5PIO,1.97
B01N6NTIRH,239.99
B017L187LE, 52 95
B017L187YG, 45 49
B017L186MY, 48 99
B017L187RI, 179 02
B00WB3O0PK,38.85
B01IEVK8LW,36.99
B01IEVJVA6,65.25
B01IEVJVTM,102.83
B01IEVJWEG,67.46
B01IEVJVM4,73.12
B001AG4SHE,40.99
B00GZ9H5G2,
B000OQ2D8W,
B00GZ9JRZY,
