,asin,price
0,B06X91P2K5,13.90
0,B06XMQ9D15,22.02
0,B06WLL843D,17.37
0,B06X195B1T,21.49
0,B06X9K5BLS,25.88
0,B01KIDVJAI,20.95 - 24.95
0,B01KIDVJ30,20.95 - 24.95
0,B00RMZ817U,49.99
0,B008EXDOT4,49.99
0,B00BC468PO,31.99
0,B00LAQWEWU,47.99
0,B00CNTK2L8,49.99
0,B0009R5B4E,
0,B006LYKZSG,
0,B003HU2WVU,
0,B000OO0EIA,
0,B00CXUR0UI,
0,B01LYYTV96,
0,B01M9F9ROS,
0,B01MG4PZK0,
0,B01BRFPFBU,
0,B012FQDFVW,139.99
0,B012FR2Z30,139.99
0,B012MVN6J6,179.99
0,B012FMPKOG,139.99
0,B012FO92AW,139.99
0,B00R69KX64,2.98
0,B01LF72UFO,2.98
0,B011BJD2AS,2.98
0,B000WHZMJK,2.68
0,B00NQ2W23C,2.42
0,B01MXQS01X,5.99
0,B00SZ7QHGG,7.66
0,B0194HSMEU,7.00
0,B01NAXAVAK,29.24
0,B01AGY3AGU,489.00
0,B0014A2PY4,130.00
0,B000FMPDG4,129.00
0,B0014A4K1A,119.00
0,B01N4KREBB,299.00
0,B00QVQSM3O,19.99
0,B00MEZ77JG,15.20
0,B00QVQSEZK,59.99
0,B00MEZ2AXO,49.99
0,B01HDL4UCC,8.79
0,B01MXBZ3NV,
0,B01MTIO0JG,
0,B01MXC2I1M,19.99
0,B01MSHGS7D,
0,B00KO44H7Y,104.99
0,B01CSMHJTM,59.90
0,B003G4BBAU,57.99
0,B00UI4JKJU,49.00
0,B00UI691X8,49.00
0,B01C5RTMLI,119.00
0,B0044V2ODW,65.99
0,B01M6V7TAL,11.95 - 80.59
0,B00JQSZYKS,27.95 - 104.20
0,B01MS4EJVS,19.29 - 32.00
0,B000FE98B8,14.95 - 77.07
0,B015O41X0C,15.15 - 82.79
0,B0185QYFDS,
0,B00ZHCY8UO,12.48
0,B00I669O5C,4.99
0,B007D6DVPA,
0,B005P0IKYI,
0,B000BZYBHM,17.97
0,B000XE1TUI,94.00
0,B00H1XJ8GG,112.00
0,B00Q7755I2,56.00
0,B01IT3WK5W,15.12
0,B01C45GOEO,25.93
0,B01MA38ZMS,"1,128.99"
0,B01K6PAWZ6,22.98
0,B01K6PAWUG,22.98
0,B06XD3W3WK,17.99
0,B01K6PAQM0,21.40
0,B017NHCM3A,18.28 - 122.07
0,B013E7K03W,29.70 - 84.21
0,B01CUVK4EI,6.11 - 55.64
0,B015UDG87K,24.00 - 99.93
0,B01N6T2Z17,5.23 - 55.64
0,B01N6RNR4F,149.97
0,B01HP8432U,149.99
0,B01MR6PMGS,149.97
0,B06XSHPQ39,69.90
0,B06XS1J91V,39.98
0,B06WW8XQFW,83.99
0,B06WWBMPHP,79.99
0,B06XRZH37L,76.10
0,B06Y51RMMS,30.69 - 64.00
0,B00I1AKTKC,18.99 - 29.99
0,B00KV9IJVM,16.61 - 47.65
0,B00KLUQVLG,21.77
0,B00IT70RFO,4.18
0,B01M7V34FE,33.35
0,B01NCN7EWZ,224.31
0,B00TH3SQOI,109.00
0,B012DEF7LW,439.99
0,B00VVRJZLG,449.99
0,B0170GLSU2,462.39
0,B00VVRK1KU,599.99
0,B00P25M326,25.48
0,B01M0XJYVO,99.99
0,B00STL38RE,64.99
0,B002V7A7MQ,59.99
0,B0000632EN,4.78
0,B01IADX2V2,139.95
0,B00GNXKP08,15.54
0,B00NR1YQHM,16.17
0,B01HOI5JO2,12.69
0,B01HOI5JLK,11.24
0,B01JLQFIZA,17.98
0,B0091DS0W2,
0,B01M10LBSQ,
0,B01HNW6592,15.11
0,B01HTR2SM4, 16 40
0,B01HTRB1YA, 12 00
0,B06X9DFQVG, 19 19
0,B01MTLCLZQ,9.49
0,B01NBKXAXA,7.27
0,B01MRI9H1G,
0,B01B73G750,12.99 - 44.88
0,B015XLDGBU,19.20 - 44.95
0,B01M25S089,13.98 - 26.99
0,B00TIYE60O,16.27 - 40.00
0,B01M6YSVE0,14.99 - 22.80
0,B01HNTBGP8,
0,B019TUCOF0,19.28
0,B01MUAGZ49, 299 00
0,B01N4NOLPY, 48 87
0,B00IAXIGPK,8.98
0,B00U3SKGQC,17.83
0,B00U3SKDK6,25.25
0,B00U3SKGAI,26.99
0,B00U3SKGKI,44.98
0,B01CULX9WW,198.97
0,B011KULTU8,177.44
0,B00ELAM8LE,94.91
0,B0075JQS6O,18.99
0,B001F0R04I,
0,B0157EQ1HE,
0,B01N0A4SHS,
0,B06X9MP3HJ,
0,B00VN04SY0,
0,B009PANMR4,35.99
0,B005CVGJFM,98.00
0,B00C9X592K,33.74
0,B01KMUUQQ0,23.99
0,B01KMUUQMO,79.95
0,B01KOL5I1A,21.99
0,B01MSZUYVE,76.83 - 216.13
0,B01N7IS70P,76.83 - 216.13
0,B01MXYUQHU,76.83 - 216.13
0,B01N5G14RS,76.83 - 216.13
0,B01N4EMCWJ,76.83 - 216.13
0,B01MU358BM,
0,B01IRFB0G2,
0,B01EUEIL3E,
0,B01NBIF6WS,
0,B00PC5CI8K,3.50
0,B00JVHSEAQ,18.50
0,B00JVHSGRC,11.04
0,B00XV81E2Q,9.39
0,B01C47NRCY,11.79
0,B01N4EHGSR,54.99
0,B01N34UZWL,54.99
0,B01NBVOBX4,79.99
0,B01N11V71Z,79.99
0,B01N34UZFM,79.99
0,B01MZAPX0F,79.99
0,B01H5VJHZ0,39.99
0,B01H5VJJAS,39.99
0,B01H5VJKHA,39.15
0,B01H5VJJXK,36.11
0,B06XGBKJ3J,12.99
0,B01MQVFQIN,
0,B01L83X3X8,
0,B01L83WZ1O,
0,B01DWISLWA,
0,B003FRK88O,
0,B01N7K4BNX,183.99
0,B0030MIHAU,34.67
0,B00004SD7D,22.86
0,B000BQPW6A,11.97
0,B00002N66H,11.97
0,B000HKZ85A,
0,B0013OVSUS,
0,B06WW5C5ZN,80.14
0,B06VXMH2HX,58.41
0,B01MZF6H6C,49.01
0,B00CAM6YWO,50.31
0,B01C3LKM9M,
0,B002XDRCW6,
0,B00VQI9ITE,
0,B00XQ05D2G,
0,B0169360MS,31.99 - 37.99
0,B0169366FE,14.99 - 36.00
0,B00NFHHH24,27.03 - 39.95
0,B001BCBE92,5.78 - 30.98
0,B0155HPHAA,10.49 - 52.16
0,B009SOC9PI,189.99
0,B002VWK0UK,24.99
0,B01N5G4CSX,36.18
0,B01N2UMJTT,
0,B01K6TA748,82.99
0,B01BGEVWBO,15.29
0,B00HWPHX6K,4.47
0,B0046HDZR8,27.99
0,B01615QQQO,
0,B00OE14AWA,9.45
0,B01N4Q5ATZ,135.36
0,B01H52IX68,64.97
0,B01HFD0XJM,499.99
0,B014K4Q0CI,599.99
0,B01549MVBC,92.09
0,B01M01I5QX,199.00
0,B01FK15HYW,185.00
0,B01549NQYI,125.00
0,B00X6JS4NM,305.99
0,B016IO9O8K,88.39
0,B01HD1ZRGA,67.99
0,B01N4DTY8U,176.59
0,B01NBKGJ3C,187.42
0,B01GS4FGKK,31.64
0,B01MSYY6O3,82.70
0,B0044ZZETO,83.62
0,B002C2KZR2,34.99 - 113.69
0,B014YZFP5Q,7.99 - 27.99
0,B01G1Y07TM,19.22 - 84.00
0,B0168IXNZQ,139.99
0,B01C3LKMAG,
0,B00VE6NVIM,23.97
0,B002XDRCY4,51.68
0,B005P0RPGC,
0,B01M01LK33,
0,B01N7AQV3D,7.79
0,B01LZE0MPK,
0,B01K9S24SI,148.95
0,B06X1DB8FJ,136.80
0,B01K9S24JM,146.49
0,B06W9MN1BF,145.95
0,B06X3Y5HZ8,140.95
0,B01BOGG58Y,
0,B00WG76LMG,36.39
0,B06XC7SYW4,500.00
0,B06XCFMYXS,474.00
0,B00JOLMTMI,19.99
0,B003NSPOF2,11.38
0,B0012BNVE8,
0,B0145OQTPG,74.99
0,B00PMEG8YQ,178.99
0,B06XCH3FDX,149.95
0,B01B25PX30,29.95
0,B000GG237G,5.58
0,B06WD1H96X,15.99
0,B0013DCHJ0,
0,B01M4JRSQW,211.62
0,B01M64OQS8,399.99
0,B0196BEAB8,3.68
0,B01BBWEEUC,
0,B01MU2APYN,
0,B01LXOGZJ0,399.00
0,B00SMLJQ72,259.00
0,B00SMLJPKA,289.99
0,B00SMLJQ7W,339.00
0,B01MSZ036Q,298.49
0,B06XG7WKKL,399.99
0,B00F9EM2WG,16.99
0,B0029O0XGQ,31.40
0,B00F9EM33E,29.95
0,B01LNB6SKU,14.98
0,B00ET0M32A,10.99
0,B00AAUVSB0,31.40
0,B01LW86JYG,29.50
0,B01MDIXZBV,15.97
0,B008COEV4M,7.99
0,B012I2T5K8,21.48
0,B00F87G6W6,21.48
0,B01N9OHADM,7.92
0,B01ANSJUTK,32.45
0,B01ARWCW1A,39.00
0,B00SMLJYC4,448.99
0,B00S4TS9SO,299.99
0,B01N4BI77I,374.99
0,B01NAGRRRU,299.99
0,B01BMBQ1MQ,25.49
0,B01BMBQB1W,19.09
0,B01AWFSUN6,9.69
0,B00TN35PYG,30.58
0,B01BEXOKNE,27.99
0,B00OLSBD0I,8.99
0,B01BSXEL9S,7.62
0,B007E9VDF6,9.29
0,B01BEXOKL6,25.20
0,B00BD73Y6G,10.96
0,B00BD76IN2,23.72
0,B00BD741YA,17.29
0,B00BD747SA,4.35
0,B01M8GNY0C,34.80
0,B01FHX4LEU,19.00
0,B0029NH0FE,16.80
0,B00OLSBJAC,16.80
0,B01N5F5YE7,27.99
0,B00DM5KEN8,8.99
0,B01N16CDMN,27.55
0,B01MRBF6RT,28.49
0,B00T7R7HQC,15.99
0,B01MU0F8SR,33.99
0,B000KETAGG,19.99
0,B00VBW7RQQ,19.99
0,B01M4HF20A,62.78
0,B01K7FKN3Q,29.99
0,B01JO4LEBQ,
0,B01JO4LELG,
0,B00J46M8SS,63.82 - 129.99
0,B00UYCXTMU,44.99 - 59.99
0,B009H1OS88,63.82 - 129.99
0,B01DFMG2SS,53.42 - 99.00
0,B00NCV5O9G,44.99 - 59.99
0,B0015QV8S6,81.37
0,B000E8ZJGS,
0,B0015QXA8C,
0,B006N3I8PC,
0,B00K0UGZWC,41.74
0,B01LZ4IOX3,29.99
0,B00BCYDW7G,
0,B0144NY79S,69.99
0,B00H58LD6A,99.99
0,B00EZKNY8G,42.00
0,B00FZ0FVSG,42.00
0,B00WXOQY9C,99.99
0,B06XGXFPXG,"3,297.99"
0,B01MUG1ZAG,"2,297.99"
0,B01NC0727L,"2,297.99"
0,B01NAYM755,"3,297.99"
0,B012RGU4EQ,11.97
0,B01MS4NEQJ,6.29
0,B00HZA6N36,44.00
0,B00ARYRY1W,42.27
0,B00OHRYOZO,17.00
0,B004JO5KYO,
0,B002QM9AH4,
0,B00BD0UW6S,6.37
0,B005N0RGQI,
0,B00H2FG8RK,
0,B01LZAG1QE,4.29
0,B01N0GY560,3.39
0,B01M4QUGWH,2.54
0,B01MFC0T0A,3.39
0,B01BGS9JVA,416.99
0,B003DH5RJG,
0,B00FBPEX1G,
0,B003BEDU2M,
0,B00N1Z4P2A,
0,B01FV18FI6,
0,B01DDTYUBY,19.99
0,B01CE7ICPQ,19.99
0,B0182WVY5W,13.77
0,B004G5PJNS,56.17
0,B00C43H810,
0,B01EOQ9JKW,5.85
0,B00DH6FTGE,32.00
0,B00VWH5HN0,14.56
0,B01MR6N3PL,8.47
0,B01N9ZQ1EG,12.77
0,B06W2HN345,
0,B06X6J81QP,
0,B06VWD4GV5,
0,B06X3SY95G,
0,B06X3SZJ83,
0,B01H1SOC48,118.06
0,B019F7QE8A,117.99
0,B01H1SOC02,138.34
0,B01EWZL1W4,308.99
0,B017DE47TK,144.20
0,B003DH5RJQ,
0,B0015R6CMC,
0,B00494ZOX6,
0,B01MZWHMCC,
0,B01MY0RNA7,"1,189.98"
0,B06XF2LGTM,"1,149.99"
0,B06XGBV97Q,"1,270.38"
0,B01MU36G1A,919.66
0,B0179WN6N4,17.21 - 24.99
0,B00NEPPB3E,6.10 - 23.00
0,B015GIIXF4,12.46 - 19.00
0,B004VS6UOW,6.99 - 20.95
0,B001L0EP4K,17.97
0,B002T1FKMG,
0,B002DYJ106,
0,B002DYJ1EC,
0,B002ZBR6FO,
0,B018EY0M1U,
0,B01CI3TD2C,14.88
0,B01NCO47WF,45.23
0,B00QVX00M8,101.65
0,B00NOPAXFA,69.00
0,B01MCSR6IU,120.00
0,B00DND8XW8,80.00
0,B007BJ65ZC,139.17
0,B0088JP4Y2,52.95
0,B000LRJ7EM,10.50
0,B0002C7FI6,69.95
0,B00K2DG8UG,129.95
0,B017DCF2VE,
0,B00NCX2384,4.10 - 59.99
0,B0155E5WIA,9.88 - 50.00
0,B00FPW3J2E,9.96 - 29.99
0,B017E0WKP6,9.88 - 50.00
0,B000O7FZ4K,6.99 - 20.95
0,B000NBIMVK,4.10 - 59.99
0,B000NBIVMK,7.52 - 27.12
0,B01ALBZQ8S,
0,B01MYTGGY0,3.47
0,B0157934KG,9.99 - 26.00
0,B00YAEOPX0,249.64
0,B004QL71PG,121.00
0,B00ZFU0ATG,135.31
0,B004QL6XUU,103.97
0,B0163GLJWM,162.99 - 361.18
0,B007UY4NWK,99.95
0,B01A9JHB8A,142.99 - 149.95
0,B06VTHD5M6,
0,B06WGN2ZLN,44.94
0,B01IFCUU0Y,99.77
0,B01IHKCP1G,302.57
0,B01IHK4FQE,160.00
0,B0055BOW8K,231.87
0,B01M7TXCK3,12.45
0,B01MPWV81B,
0,B01MRR70S8,3.49
0,B01BKM33LY,
0,B01M68B96Y,5.24
0,B01N47OBEW,3.49
0,B01N9OK8RD,
0,B00I8QXP4Q,3.68
0,B01BKM32T2,
0,B019IK36RG,6.96
0,B01MQPU2PE,
0,B00M1Y3R2G,69.48
0,B00M1Y2B5K,13.24
0,B0058I0P22,5.38
0,B01FC7BMI4,27.60
0,B00M1Y2DS0,28.13
0,B008Q5R6LC,165.60
0,B00ELGB58U,139.01
0,B00DZJE31A,159.95
0,B0148O64JE,187.53
0,B00DZJE4B4,149.98
0,B01A0UFYMS,12.99
0,B00VIXRB6O,129.95
0,B0029JU5SM,
0,B0148O65IE,161.38
0,B000OGLHDO,25.94
0,B001TRF3VO,25.94
0,B000OGNL2Y,19.95
0,B00Z9IAUHQ,19.95
0,B000BHT5P8,19.95
0,B01IF1HYQS,999.00
0,B01MQ00X9G,899.00
0,B01JIRL7YS,499.00
0,B01IF1GV4E,699.00
0,B01JIRG7BQ,"1,299.99"
0,B0115JION4,26.99
0,B00JIG8WMU,27.99
0,B00LNBYL00,26.95
0,B00658C68K,29.99
0,B00LU0AR16,25.99
0,B01FS8LQ56,
0,B01JUA773S,29.99
0,B01HM1HMK0,16.80
0,B01HM1HMFK,11.99
0,B01HIAWWD2,9.99
0,B01HM1HLGA,12.11
0,B01HIAX0MO,47.99
0,B01NAEDVM8, 19 99
0,B01MZBOQGM, 59 99
0,B01N7DGR0D, 17 49
0,B06XS46JZH, 34 99
0,B01AX444EK,176.95
0,B01NAK0DSD,518.00
0,B06WRNLZMR,9.99
0,B007L0DP0E,10.20 - 71.99
0,B012BNAZYE,26.04
0,B01MRZZV3O,24.99
0,B01N5I0X90,15.99
0,B01NBN79PG,25.99
0,B01N1UXYCC,14.99
0,B009H6NOEC,399.00
0,B00NH9YDRC,279.99
0,B01LYNHY9D,179.99
0,B00H46RKP6,
0,B01EV3C6RQ,2.78
0,B004DKT33I,7.19
0,B00H46RJYI,
0,B06WWRQKHD,3.06
0,B06X9QBWDL,2.98
0,B00IO2MWO8,19.68
0,B06X9VKQCN,2.50
0,B01NBM6JUV,113.99
0,B00CF5P51C,99.99
0,B06XGD6CS4,490.49
0,B01DOJDSGQ,129.92
0,B06XFZQZ3Q,649.99
0,B01MF8Y2O4,47.25
0,B005W1QYDO,39.94
0,B000H98TC0,22.40
0,B0149MFSN8,
0,B00BKUULEO,
0,B0195MZHBK,82.64
0,B00S0B3QV6,14.96
0,B01GFM6WPI,
0,B016OYFU7S,15.78 - 95.99
0,B00PHXJV50,31.35 - 111.00
0,B01FXPA89E,51.99 - 79.99
0,B01AMNCSV8,19.82 - 59.47
0,B01FX1IFFC,13.34 - 74.99
0,B07663TJW5,
0,B01D2ZM8J0,
0,B016PNOQH8,17.52
0,B019IK2HUS,13.99
0,B01648QGU4,7.10
0,B0055S4CRY,
0,B01N20PROC,125.99
0,B00LW3QZDA,35.75
0,B0013HRAOI,46.80
0,B00HYUT71W,37.05
0,B06WGR8ZG6,136.00
0,B00U3CXBNS,40.26
0,B007Y6LLHY,331.17
0,B00UGAD21I,54.30
0,B000XVRWSO,175.13
0,B001EHVE76,11.64
0,B001D0JRWS,29.52
0,B000XVPVXM,99.64
0,B000XVVB2W,281.60
0,B06XT8TZZZ,699.00
0,B01MDQACJZ,696.99
0,B06XC8NHKF,469.00
0,B06XWJX49D,469.00
0,B01NB1LDVW,438.88
0,B002635ODW,429.99
0,B00OMSX1W0,10.98
0,B01M01N48V,249.95
0,B01LZP1QSI,149.99
0,B00J5HLMGA,14.63
0,B00J5HCKSE,29.02
0,B01J0IOFM6,14.00
0,B00LMD7WUU,
0,B0033V6UZW,
0,B000GIQSVG,
0,B000QSTBQU,
0,B01GTNVRF8,
0,B01IRB0648,26.49
0,B01MYFCBKS,33.55
0,B009NOV1A2,3.51
0,B00D0TEWTS,6.00
0,B01NC0VC73,23.97
0,B01N1GYBGK,25.00
0,B01N1IDDGW,77.16
0,B01N06PNT7,31.87
0,B01N6INCA9,20.99
0,B01N01O0EK,29.80
0,B06XS51HDC,18.99
0,B009GOC3F6,6.55
0,B003U8EURI,7.49
0,B003USE6BI,
0,B00S57JFX8,27.82
0,B004E4IALE,33.79
0,B00J0RZQJ4,63.13
0,B00F3S5QJE,195.04
0,B00S57JMYA,39.71 - 134.99
0,B000UDVOPW,11.15 - 224.93
0,B005PQQ1KC,11.15 - 224.93
0,B006TAI98U,11.15 - 225.02
0,B002JCSSHY,11.15 - 224.93
0,B071185H4H,34.99
0,B00WB2PQIG,16.99
0,B00WB2PPVY,16.99
0,B015RWOLRS,34.99
0,B015RWOLSW,34.99
0,B00AEN4QZ8,9.09
0,B01IWCXJRS,19.97 - 92.76
0,B01IWB1EJE,32.99 - 75.99
0,B01JTR5ZJA,30.00 - 75.00
0,B01JTR63TQ,30.00 - 75.00
0,B01IWCWK6E,19.97 - 92.76
0,B01N0DVLRD,410.99
0,B001PBYQHG,260.48
0,B01N941HSP,439.99
0,B06X1B49S5,399.99
0,B01MYMSNY4,234.99
0,B01N6KK2C7,449.95
0,B01NAMVLMB,429.95
0,B01N4HPJV3,449.95
0,B00LFVV8CM,549.95
0,B01N9LC435,449.95
0,B01N7I9WGP,119.98
0,B01MT0QEK3,119.98
0,B06VY1DFQN,89.99
0,B06XD9PMYV,114.99
0,B06W5H4NX6,114.99
0,B01GSGDV1Y,43.08
0,B00WOQROES,23.00
0,B000YT5NFO,39.77
0,B01M5BXTJ5,39.95
0,B01GEVRHA4,19.95
0,B06XPY8JWS,3.09
0,B06XPWFVMG,2.79
0,B06XPWVFSS,2.79
0,B01DWH7AIM,148.00
0,B01DWH77GC,148.99
0,B00UKVNSLC,38.24
0,B01C46K06Q,
0,B01C46K0QQ,
0,B00UTJKQUG,3.84
0,B01MQD8GCD,
0,B00JUJ148O,
0,B001EJOQ8I,21.24
0,B00P473Q4G,154.99 - 266.45
0,B01LVV4NSF,433.11 - 448.36
0,B01DY4CI62,280.24 - 292.26
0,B0030RSARU,24.97
0,B01GUMEJ4Y,126.76
